Id,y
10000,-66.00242349023125
10001,451.40650440115553
10002,-461.6764170602991
10003,40.501208753722835
10004,-126.74472245403702
10005,-342.53455181925085
10006,-396.5555421135887
10007,335.54127907908764
10008,-99.51242087062303
10009,304.81253980627554
10010,68.89453048978575
10011,412.36919545590706
10012,54.94237102476796
10013,-17.00555075477996
10014,-597.8499575722612
10015,443.50228878641485
10016,144.77448697804343
10017,-57.411163672536524
10018,134.38782757746014
10019,-108.98377598910828
10020,153.82482842506718
10021,611.7359836022025
10022,588.3896503384221
10023,-131.01679995802002
10024,-61.135621141229386
10025,-374.248495316973
10026,74.15799307965469
10027,137.43837873610477
10028,420.08661179679046
10029,196.7656257134426
10030,268.44284980053135
10031,638.4749102511086
10032,127.37873138691947
10033,1.3491187584000996
10034,22.71045317740791
10035,342.23953452256467
10036,307.703966974172
10037,348.1382087009392
10038,-168.65286130735427
10039,-20.221130904617432
10040,-551.749927573112
10041,-429.97180406674045
10042,261.8919587067443
10043,389.82042612922146
10044,-96.16562227356583
10045,-210.71080125632406
10046,278.88186878401143
10047,-427.45330103104925
10048,-172.90325291756727
10049,467.264378355786
10050,-631.5587355874386
10051,-355.5316593381783
10052,143.17327553860372
10053,69.19920259894216
10054,275.5882739767252
10055,-263.1886122041025
10056,167.49830723241246
10057,104.57789589014291
10058,230.07008661007507
10059,20.988026644576387
10060,-4.822581262501618
10061,-201.92294081063758
10062,560.0639265657695
10063,55.288476252448774
10064,671.3015746918347
10065,-493.74873828522806
10066,-279.35303673259256
10067,-53.71252761314778
10068,379.6981955009756
10069,315.07141085798145
10070,169.13001732614316
10071,-271.59930326901184
10072,783.8022226750337
10073,44.57731151554883
10074,57.40678005457741
10075,-161.078274143068
10076,-220.66957847885735
10077,223.24129442929186
10078,352.6655955437545
10079,13.163291366265138
10080,-461.99414698572974
10081,305.37214669142315
10082,-230.5965617386118
10083,359.074443242544
10084,-430.26056337592195
10085,-115.5488220554619
10086,-88.96006387867396
10087,-488.2901898080414
10088,-139.35033854713507
10089,57.33880810852636
10090,-190.33624272166483
10091,-6.508092914824225
10092,189.29107774701794
10093,346.6036781856551
10094,871.6273206485891
10095,-147.0135373865384
10096,443.48993777942985
10097,-30.498432974437282
10098,185.46345753445962
10099,-119.91717151732826
10100,43.57523800180684
10101,58.318571552244734
10102,-197.15246829839808
10103,-70.4716067884123
10104,-342.846053288668
10105,-29.233589873717296
10106,49.52292929610351
10107,-16.24614413791338
10108,33.775069261606525
10109,-68.88307748324172
10110,25.863399493697088
10111,-617.3142842716954
10112,-185.90441301194934
10113,323.7831061093862
10114,-35.66219572212793
10115,-733.5297711613836
10116,-240.73856264736145
10117,-381.9731466242489
10118,75.31994462169564
10119,36.61032645911815
10120,-28.756270225023123
10121,-481.1606279685878
10122,408.85023042298855
10123,-765.0217471991631
10124,178.07269651637017
10125,-7.649879385673581
10126,134.7968462337594
10127,-477.45851421287017
10128,-248.7062530132357
10129,-361.8846572238641
10130,-18.755611748554493
10131,7.795604374435465
10132,-109.10598972538362
10133,-63.07374524219441
10134,591.823183734915
10135,259.6126336966279
10136,-279.86583200876726
10137,93.22535940051847
10138,-427.28731541913515
10139,84.38656633089828
10140,-311.5446306441551
10141,11.419268612561973
10142,-297.83146842358514
10143,-331.92897096864345
10144,656.0132305257307
10145,-476.66268136505374
10146,361.1940451337748
10147,-150.18526861192308
10148,299.94671902432367
10149,-191.72143219270816
10150,151.94999511612053
10151,-64.6727578157642
10152,351.24486163063335
10153,-370.6364457562724
10154,349.2249817861109
10155,273.5246096168015
10156,783.1971843196874
10157,-124.23788973573969
10158,-155.22004432990812
10159,-506.9556493864096
10160,201.69321238561528
10161,-415.1740571596357
10162,-348.1651051695646
10163,-201.95224108680932
10164,-658.9504470533366
10165,179.34640168171526
10166,124.06925816168703
10167,-209.15025355201763
10168,213.70513477400564
10169,-82.11721023809
10170,-97.1102698972684
10171,124.2680057464808
10172,50.28991565714287
10173,538.7439592813366
10174,630.0175345543366
10175,217.25927782654446
10176,-491.7337413267073
10177,-131.14175113883243
10178,362.39302241729496
10179,-14.363038055408467
10180,-30.261757361676484
10181,-107.32358076729902
10182,-334.0625929296716
10183,299.5063996464327
10184,-103.47221484505317
10185,179.82049946719448
10186,122.20070887900717
10187,86.58037161690649
10188,386.48256056699194
10189,-613.3611745045823
10190,-269.8163873834627
10191,260.73145126228565
10192,-44.62016128042737
10193,-159.15717576416876
10194,-145.24559879357494
10195,447.2282148760012
10196,476.35698596959486
10197,121.7942134532723
10198,-1.5356790561065934
10199,410.74409653878115
10200,90.82809979964732
10201,150.07336956845123
10202,24.03365296154661
10203,273.8866340536307
10204,-154.5292603802514
10205,42.588901507066204
10206,617.3417063168562
10207,38.939360761430024
10208,-91.4361011949043
10209,225.35327477391067
10210,151.05827577085603
10211,-86.91664773646032
10212,-101.71788958007262
10213,161.93776502605513
10214,357.8704141035459
10215,32.145978186553336
10216,-379.1453992002918
10217,-165.94213222367233
10218,257.4539216945408
10219,-124.83850779184102
10220,47.08451472299213
10221,-67.05065138980213
10222,287.17334413416387
10223,836.2674277701623
10224,-78.73329260205671
10225,-293.0092291521936
10226,284.91632646225617
10227,377.9514320082275
10228,-473.9426195897228
10229,-538.8094549766046
10230,-372.90475040318637
10231,-83.37700889968775
10232,157.4620595191127
10233,167.50291456150998
10234,-105.6904057431963
10235,561.1616879176281
10236,-149.355318957468
10237,196.9668051235221
10238,-33.81991172757932
10239,5.199419882337616
10240,-121.70842296063262
10241,53.4735798173781
10242,531.2918938411245
10243,-157.6026225893753
10244,-183.7719623926124
10245,643.8322464256621
10246,17.780306010129564
10247,-92.07939719460313
10248,485.4931646050746
10249,-221.2365786079394
10250,490.606505048461
10251,-43.677159154251015
10252,139.9332298711763
10253,207.50447442761086
10254,17.09264702436007
10255,-396.47203316052844
10256,-168.30166761529165
10257,-75.59324100124434
10258,-292.0735078007698
10259,-59.37366534663325
10260,247.369047064384
10261,206.83112758185567
10262,17.46246446408045
10263,-181.81148500656977
10264,300.1761509454856
10265,-567.6387247955893
10266,311.5932728526346
10267,-9.929511835491683
10268,161.40782304547787
10269,272.3855992297237
10270,55.12245741942547
10271,-15.278267412197614
10272,286.4023019429032
10273,387.88861194347425
10274,-148.57888863638655
10275,171.95235244839614
10276,-411.5705922226791
10277,213.80253827075194
10278,133.93002437371766
10279,-99.0171775012421
10280,-162.41724224558232
10281,-39.07419011347844
10282,-295.15845218323966
10283,141.32481354359558
10284,163.0598300533462
10285,-55.455401462417434
10286,-145.7406760935218
10287,16.35046243635474
10288,-364.29855848282875
10289,558.6630187376728
10290,40.05066121900824
10291,67.63734504297
10292,559.8400846554662
10293,469.8069471574155
10294,-149.49980105452957
10295,-328.82278669969656
10296,425.77131704667437
10297,85.50466241179456
10298,-166.9155370558494
10299,-662.2984070393495
10300,50.28039165300406
10301,-11.355718332961864
10302,-451.81126444953065
10303,78.67283313413115
10304,-386.8187999173566
10305,-273.2273830523715
10306,352.01504544002205
10307,-263.84804091810224
10308,-214.73022299361162
10309,-84.88115489738415
10310,745.8832791254229
10311,-418.9751084522727
10312,739.1991251661947
10313,-469.0774263529475
10314,481.8298448656712
10315,363.2079747874409
10316,-270.2530418207188
10317,-399.59212471613193
10318,234.45728030706462
10319,-38.73469357032526
10320,238.36874871850625
10321,28.69744199018296
10322,238.23095785965302
10323,-130.00744030000178
10324,-681.2945617788496
10325,61.580652959542256
10326,-444.92985067095896
10327,-14.713208392841112
10328,680.4767823428568
10329,288.73260649376414
10330,839.970490155672
10331,416.6574765191795
10332,167.35603728915677
10333,-86.7795378670682
10334,332.7699676004368
10335,-201.3344309342537
10336,-43.62508298784104
10337,-107.9023777960964
10338,-284.03573802517064
10339,232.60855717832536
10340,237.83315171539988
10341,74.39980567720339
10342,255.51770406364602
10343,-168.64961928561056
10344,68.56334601629052
10345,-365.4419817252607
10346,189.706498860946
10347,-369.83324976670906
10348,-250.9002439023775
10349,76.31355019623197
10350,-344.94550923377585
10351,-187.42339326812572
10352,482.1697569825218
10353,125.75266972885964
10354,450.6919437521854
10355,216.17619018208205
10356,34.34193571930482
10357,57.51145596121504
10358,-211.4194989471275
10359,49.76249180949285
10360,76.11104020758434
10361,-29.196254490440737
10362,33.048958528737174
10363,364.5627121631
10364,234.48280987315155
10365,-21.79655485909026
10366,-476.93787704780016
10367,43.56765899304651
10368,-310.9572136651692
10369,-46.94111622603648
10370,181.19558107133508
10371,-214.96242982007126
10372,-80.22706031522081
10373,841.208229165736
10374,102.35678708587004
10375,37.29773804688158
10376,77.39818275960222
10377,435.79452149369223
10378,111.39479265155687
10379,-128.82922415387475
10380,573.0501210583959
10381,48.602468077911084
10382,-68.55414659218896
10383,56.68162450582987
10384,-360.3099319994401
10385,131.901922834504
10386,-264.5258976334306
10387,-378.79324972499273
10388,-190.09929259976602
10389,862.9152130409615
10390,159.57649666231123
10391,514.0204635801452
10392,61.387667803406686
10393,720.8758958326579
10394,-450.9767310398016
10395,105.89444211999678
10396,-27.53260304400324
10397,-23.43556196676996
10398,331.20599829494574
10399,-156.0245639482404
10400,0.947701838560197
10401,17.232405165319413
10402,143.2390841702119
10403,53.22645139074681
10404,41.01334926979452
10405,-129.39255146834748
10406,430.9165210459303
10407,-427.909619657357
10408,49.11400485209211
10409,-221.64758038918742
10410,-313.7597121868503
10411,115.24452244707051
10412,96.10097204453557
10413,-399.91598494242044
10414,-8.411407923563052
10415,733.1841324374678
10416,-332.42676649165105
10417,83.67612042194345
10418,339.79274865544215
10419,-35.115701314514034
10420,38.204335433878356
10421,-606.198489055931
10422,194.27285338946186
10423,155.0315511615822
10424,-111.25647787348414
10425,-63.33937163651646
10426,403.9358187289639
10427,690.9194303358588
10428,75.78129943645008
10429,-340.31540652357614
10430,-195.76159542697837
10431,40.44513870875554
10432,-137.65418796029198
10433,-95.67479658954515
10434,290.84353787250296
10435,568.4646813472787
10436,351.2186507540736
10437,194.71516658168227
10438,-312.1508420871937
10439,-518.3107868724472
10440,-80.75158048061245
10441,-109.9105383057844
10442,491.41083647519656
10443,371.48514486049385
10444,343.8566446684347
10445,114.6078539736851
10446,-315.2044219098819
10447,83.1039650930712
10448,-82.59915101774014
10449,-182.21902722527557
10450,-294.91729245130495
10451,-294.2105553148693
10452,611.5470417356524
10453,-34.756134103592856
10454,-115.04157690057758
10455,263.2793379023756
10456,346.0565120928379
10457,194.61161526910948
10458,257.35614963849423
10459,-303.2080949271152
10460,-173.19591085706037
10461,-88.5398344857846
10462,137.60161200011157
10463,337.048649278065
10464,155.72523460362623
10465,-250.2907929052378
10466,148.06340015143496
10467,333.6821886093786
10468,-260.3363923834254
10469,340.30790922791425
10470,224.6853557126949
10471,-607.2797170619307
10472,-54.85959294091856
10473,-685.0910817258426
10474,268.2582707785939
10475,108.79743563388372
10476,-233.16761717272038
10477,115.89088157850175
10478,75.28875461498536
10479,312.5869539403421
10480,78.42590704679522
10481,-509.63079643958184
10482,142.15294578474635
10483,-567.6096744598836
10484,99.19784411013131
10485,181.76569364680975
10486,-27.40709839435879
10487,-646.8210508159748
10488,-261.63281625029936
10489,-398.8768891978162
10490,-259.41075205618273
10491,-252.05740356799066
10492,-25.647967227331467
10493,-479.3579494231419
10494,109.91068619021952
10495,161.9425796911398
10496,-436.807174239755
10497,-66.01220442256746
10498,-73.60538265407179
10499,51.00273944619374
10500,7.6096810321637784
10501,-38.39048673108265
10502,493.5959706069279
10503,-303.44908054448666
10504,285.36305876068593
10505,236.93082121946205
10506,-112.90288738209175
10507,-104.91639705404732
10508,70.11071172015228
10509,-334.4021807746181
10510,-526.1520613513313
10511,26.695126681540753
10512,16.62507687890643
10513,-282.6239186862394
10514,-156.76438922324832
10515,-368.70385240105605
10516,87.2669838839737
10517,9.621961449394513
10518,159.33855433394945
10519,737.8354361900723
10520,-63.52561489683847
10521,253.3923454040683
10522,-195.4792622604788
10523,-233.60406275700586
10524,672.0430027603298
10525,161.02647811634017
10526,-86.923885883782
10527,767.4499376317858
10528,300.1434547015424
10529,-264.63326212053045
10530,506.8069224983669
10531,413.7325757860612
10532,-227.9556542045858
10533,270.7218219182479
10534,166.27214538843188
10535,467.8359469952992
10536,691.0141927413323
10537,-235.1955016257752
10538,-204.49475633783683
10539,235.56549902566974
10540,481.5082289895013
10541,-404.286371626173
10542,499.6345988790217
10543,-280.4236242835596
10544,349.63535701277476
10545,56.2792185593273
10546,377.7838241995524
10547,58.23929412508261
10548,424.29981217464865
10549,85.80041244154731
10550,-252.9928885245897
10551,172.86784495502036
10552,-190.1066002057148
10553,306.96428652366774
10554,-179.11766493342287
10555,-155.77590494004838
10556,-208.75257057910815
10557,-257.42597802041786
10558,-187.88708045784404
10559,178.95968589803095
10560,769.2994246067658
10561,131.45400495646183
10562,-86.33605847725501
10563,-440.78969412879746
10564,522.2063378416925
10565,74.26044537058917
10566,-273.3451908082472
10567,23.88548320272242
10568,-140.88619011673765
10569,337.4418933254643
10570,63.42512024403091
10571,-78.12104360563926
10572,-209.4159615061059
10573,-354.30221699579005
10574,261.54958940727306
10575,252.7847530350219
10576,415.3327934963984
10577,-341.41062177496303
10578,-101.54306561728887
10579,-82.98003734434609
10580,-146.19185945083
10581,-400.95700950885026
10582,114.68810161530737
10583,-318.4094491728407
10584,-27.12865111315033
10585,253.39206355032292
10586,-15.161597235909955
10587,490.2763101566974
10588,67.16055415516091
10589,-583.6536301606629
10590,566.829222780882
10591,-659.7840206113416
10592,-280.3445865766315
10593,-618.4849576034642
10594,-403.08152177208217
10595,52.58079586777633
10596,154.1372478179052
10597,-187.18724588646202
10598,45.06432286401823
10599,389.86980245897576
10600,497.494427700973
10601,-172.6046614569703
10602,-199.4880483069114
10603,146.33213540458766
10604,-745.9314211823654
10605,-230.93578234679615
10606,-157.7376882351049
10607,170.5558567216074
10608,58.52819579127384
10609,21.77823537708301
10610,-33.84543238859552
10611,527.0115321450171
10612,370.3597932478205
10613,-83.70884929336599
10614,-297.8667818275176
10615,379.630041640905
10616,-194.4998186788641
10617,-59.08115423924146
10618,-59.050741456085305
10619,-265.79533104064143
10620,-488.3242148449632
10621,-28.133316815096343
10622,-110.89724251663894
10623,642.5198198743141
10624,-25.10495824557473
10625,368.27465472014586
10626,274.7992135270417
10627,416.5261293363851
10628,110.57324867984313
10629,561.3783520521667
10630,497.1437621157771
10631,-201.60987734450947
10632,-370.052298261588
10633,731.0573724235986
10634,-380.1370791551689
10635,-200.60251550520857
10636,272.08601189375497
10637,269.8405899107629
10638,-243.56399508534588
10639,-80.6420943458689
10640,-467.9770128985554
10641,384.10330917171274
10642,-158.51464076438282
10643,-321.1429089790811
10644,-72.307098121583
10645,244.8965010486311
10646,-111.76687989927625
10647,-71.30354161628662
10648,-97.14900534513865
10649,387.99285294446236
10650,134.07976082545449
10651,-372.72453971834443
10652,-153.89734891410612
10653,376.0557246783066
10654,-45.06699972728151
10655,29.11102420161675
10656,-164.3884137139248
10657,291.38028755702396
10658,-389.6429089892463
10659,-145.4538136607283
10660,276.50614199272457
10661,-134.0938109171888
10662,82.94811155481221
10663,143.7733706105279
10664,230.8537782304087
10665,649.8980469913482
10666,188.10011410399142
10667,170.77221614376145
10668,-533.8474844790483
10669,-516.1349688253699
10670,-356.7869746721648
10671,480.90374320564797
10672,-54.53599296167493
10673,-272.6605720403809
10674,-89.16369341976774
10675,-97.4000408249596
10676,-264.2980377506262
10677,-558.8516759610409
10678,-18.223173989822513
10679,238.68337858797932
10680,-107.49682687897636
10681,-439.737149692274
10682,-366.0873776204504
10683,540.4744022919012
10684,-335.91922953998824
10685,128.98481364662453
10686,-360.4650592778835
10687,-211.01458656820003
10688,115.70383605399718
10689,-723.6333562247721
10690,380.8939221056085
10691,24.300969805755475
10692,-145.38761452741048
10693,-157.28295617853857
10694,134.10336003672916
10695,215.9571007711616
10696,-310.20616373438935
10697,18.018883693842334
10698,-287.1696947296593
10699,-244.82888943623848
10700,-126.15190632103057
10701,-276.851033697201
10702,-63.90282319538434
10703,-268.29074198436507
10704,80.99060618707679
10705,135.4919764914795
10706,265.86171737073545
10707,290.1533893185743
10708,72.85750706987623
10709,-88.6450183828439
10710,-562.5238017086106
10711,-257.968591664592
10712,-88.32818773227687
10713,-608.9048913545773
10714,16.64812984686774
10715,-117.9966414450883
10716,244.48813585825098
10717,60.961320646527035
10718,640.8504726114269
10719,15.073592658662381
10720,135.0064443047723
10721,39.52337453323205
10722,86.44560574134286
10723,20.337654615455797
10724,217.44242023198137
10725,-8.57484599024741
10726,172.39758731739855
10727,-326.00374877328954
10728,347.5813407240384
10729,128.9580390911448
10730,-379.7500886129541
10731,-134.70695705662496
10732,153.56888514342475
10733,-72.12278608897063
10734,183.30848830572654
10735,-456.53877619137864
10736,152.27530162599658
10737,-20.658280599071272
10738,245.62232835465753
10739,776.4009728233557
10740,-320.14345296022384
10741,-479.3197082847782
10742,-69.75434860290827
10743,-372.01045319605186
10744,397.28224738180825
10745,94.97293025154057
10746,-545.8700939849771
10747,92.71733084803328
10748,456.6232467986967
10749,140.33519629203965
10750,-542.6167845034417
10751,33.25617847305533
10752,237.54555311936647
10753,-260.5147806037735
10754,-227.74117804894536
10755,-18.37420794464377
10756,357.2320793577895
10757,234.16866322379462
10758,309.0494908647155
10759,109.41620907267895
10760,297.0462771953385
10761,431.28271868977265
10762,-285.9027541516842
10763,-461.1231850605627
10764,458.8411685202924
10765,-35.13247865793366
10766,-138.96677867277978
10767,435.87811135413904
10768,-327.5517324812434
10769,-16.175842225600917
10770,32.687383150971215
10771,-143.1103609361334
10772,-82.91163796819338
10773,-26.395849579087805
10774,-295.9065424837694
10775,-300.9445513092784
10776,-157.03746176056416
10777,-444.1054251705671
10778,55.54295923374466
10779,136.09573343373734
10780,-59.93423441413852
10781,774.7869393558548
10782,-291.821469402542
10783,449.6545133580524
10784,-231.20082491305317
10785,88.18058840405143
10786,511.6823816159442
10787,27.698913991853786
10788,69.7190034307854
10789,-684.0304286748193
10790,-181.16575418910807
10791,-592.2856835316272
10792,-326.37230449136865
10793,527.5739554313377
10794,-175.9822322889252
10795,555.3273243262491
10796,-40.06219256947588
10797,-242.909611844257
10798,466.4750098322085
10799,209.72657821779876
10800,112.47399028633737
10801,655.9597092112729
10802,-253.67288201365486
10803,-143.1400643690269
10804,261.9090334491259
10805,-51.430524620989274
10806,-646.534371493122
10807,-114.11730645512948
10808,126.1493111800804
10809,204.5934628589951
10810,-300.3936136583134
10811,-415.68674588953934
10812,6.449152884280407
10813,72.80107777482873
10814,160.66087208145242
10815,249.31168929181695
10816,-248.28534524656246
10817,7.830629922612429
10818,-466.38382701665796
10819,290.15144404460216
10820,-309.0332065633399
10821,528.6916611956257
10822,372.493847932254
10823,-328.08626630968547
10824,-94.65873407725189
10825,55.56919414045759
10826,67.34382419031695
10827,-533.6683812491312
10828,-128.10863350344832
10829,-542.9948584464183
10830,54.6346396725811
10831,182.6604348326792
10832,-41.299485730891256
10833,652.8127633917355
10834,-336.96578073788794
10835,99.96282019773811
10836,811.7900163367083
10837,-346.2521160653001
10838,103.69087960098368
10839,487.7360812633322
10840,120.89569101399115
10841,-324.3296740543699
10842,-136.4121297121485
10843,-41.92443003097708
10844,282.70298658023404
10845,345.62032897020515
10846,124.69798534752324
10847,-206.11335283373415
10848,155.93998583214042
10849,-443.76722994338576
10850,-273.3430034005959
10851,195.9503308185457
10852,-30.690040851400397
10853,86.56778659815463
10854,-312.21136188949646
10855,41.005246961457864
10856,307.6751801999476
10857,532.9059494214046
10858,260.16168056338034
10859,362.00550753373693
10860,101.32898120196853
10861,38.4412961398939
10862,20.267674753903158
10863,117.4402498807469
10864,573.6911827078558
10865,-507.59205851450065
10866,-211.76962671045652
10867,-78.39989740428176
10868,-319.5737676595733
10869,-267.4465644183345
10870,-780.8570319676238
10871,50.229980556443365
10872,-298.5490108171677
10873,23.392386523116226
10874,-76.29059741014676
10875,-257.5974704642544
10876,171.56436509796458
10877,-121.60078316248998
10878,-451.3737768554309
10879,81.13533884268188
10880,-212.55249317142588
10881,-3.534927229095917
10882,-408.2554810001849
10883,-158.65133194465764
10884,238.39834201613104
10885,-133.0357232736964
10886,-266.0840826060641
10887,247.742704381948
10888,347.966544283237
10889,-511.315242810867
10890,21.815871215019737
10891,-163.84140964229087
10892,-472.56083639704775
10893,-365.0082671512352
10894,272.4371379322408
10895,92.37376374891666
10896,491.80814568465223
10897,-200.03605813580853
10898,144.31490824987424
10899,-554.3580524199996
10900,-449.35755789415674
10901,565.0154801799603
10902,446.31875807462205
10903,309.697388187413
10904,282.9279414077498
10905,176.19762818996793
10906,-315.14185176038103
10907,612.3377931152966
10908,274.25223124773146
10909,-19.436173058565405
10910,404.6254477705245
10911,47.266481426985344
10912,101.89624080960488
10913,98.14809562777874
10914,-231.35258244372318
10915,136.33612319164257
10916,-150.31005926794987
10917,461.19954997878773
10918,145.69015888427302
10919,-405.8237418755579
10920,-405.55256587509575
10921,213.6739436505618
10922,-204.8036402731442
10923,-118.57063791050936
10924,675.2302648290727
10925,145.16198786853522
10926,489.6870020199628
10927,-173.7655745936937
10928,89.69168465283678
10929,239.01179154230968
10930,-68.18000068660037
10931,93.666775615132
10932,-196.5530172200873
10933,-711.7534447200926
10934,-104.15023991149025
10935,55.730039501229406
10936,74.24035058478671
10937,625.7495908769046
10938,234.98688486875486
10939,221.59294793875668
10940,61.931591756794845
10941,239.73644833443575
10942,-21.338081818318088
10943,180.1647362970921
10944,14.91862799549759
10945,-374.86568834825215
10946,-397.5149288584025
10947,114.66690843216149
10948,-269.61622879894355
10949,0.13921221449225707
10950,-34.594846760694054
10951,72.7340212266817
10952,-188.80556313903833
10953,-365.53367192345326
10954,-67.59552255426843
10955,19.50117013917856
10956,212.78259013823288
10957,170.72284688263218
10958,48.75605588201844
10959,-239.44652279164637
10960,409.7382051551806
10961,399.8680056503088
10962,18.693100459976634
10963,165.766971959843
10964,-124.38945349671094
10965,54.99452321278715
10966,640.4320745648681
10967,7.578792735554458
10968,-265.0476304100116
10969,1.6927330910937113
10970,18.51713362126743
10971,-248.85163930169324
10972,106.86193154650773
10973,251.6391431209094
10974,133.83773953640716
10975,-358.2669613769302
10976,426.26144731764003
10977,71.97842246974075
10978,-322.0875596252209
10979,438.84026750159416
10980,-40.1321144913424
10981,283.80356865292595
10982,-487.9061953325851
10983,-86.93302825214765
10984,-470.85015109169035
10985,73.14648277315194
10986,-688.3900989407996
10987,392.4785675660409
10988,-328.63103749553846
10989,149.3916006346924
10990,321.79311476060565
10991,584.3930870450637
10992,206.7572957002489
10993,36.54822599700813
10994,-37.77828521118846
10995,-551.0517094651366
10996,-107.85120387756977
10997,-176.80602795353047
10998,-356.8894911731827
10999,418.41458411247896
11000,-26.133496016982004
11001,-213.909513628031
11002,246.57978881987694
11003,-32.011024949712244
11004,-126.7325884958272
11005,26.914491557619105
11006,198.92197376295212
11007,-18.843554414707143
11008,-119.51484607642327
11009,-389.9037605310737
11010,-149.50928607147824
11011,-308.96203021469427
11012,-478.7771604137523
11013,-616.7291412522796
11014,-25.890829611384667
11015,-133.17659031686367
11016,-633.0587252293211
11017,-32.26329474560738
11018,28.795819581694396
11019,-290.00132364066
11020,-168.0249653920011
11021,-173.84102001973943
11022,107.27955415166298
11023,278.3287852070006
11024,164.73665181591335
11025,596.7860199506167
11026,737.7802177171225
11027,-57.044398703887566
11028,-20.381913027885513
11029,193.11140830024638
11030,150.952422203682
11031,-340.877925855867
11032,207.55657024653775
11033,-27.67472612589264
11034,-146.95165736571252
11035,-121.88066829612673
11036,144.4795053298902
11037,333.20953167889763
11038,-452.5131209680447
11039,-208.53684674422365
11040,265.8449475236089
11041,-86.19645950050024
11042,-456.0106179223629
11043,-377.7300472014279
11044,277.55668897045285
11045,-98.28816556864322
11046,-258.67741823285024
11047,508.51302164659063
11048,-27.829466767415642
11049,-397.838225224187
11050,27.29423154804183
11051,55.46090696291321
11052,86.52443961502645
11053,-417.7182670641674
11054,265.07469217437017
11055,126.49537980057353
11056,-731.2337998933423
11057,26.76852907043184
11058,15.1724249654742
11059,603.1491770539609
11060,-68.51036908576151
11061,-630.1588497389254
11062,391.4398950451693
11063,191.26739771271266
11064,-82.79915889804579
11065,874.2798355716817
11066,130.10220965607874
11067,24.825257629838454
11068,10.015684555530763
11069,407.5535519509847
11070,184.93372244983635
11071,699.4013403550847
11072,12.874182171249325
11073,-569.7950312054744
11074,-60.618267530271176
11075,-96.58944292586096
11076,19.660708357384728
11077,30.22596905006593
11078,-107.06858214835687
11079,-23.44815302330859
11080,-16.56348975511291
11081,18.767317998587878
11082,145.95038182220677
11083,-428.1027566009213
11084,-158.17477611037162
11085,-44.37808089678871
11086,-411.2997705448302
11087,218.4210180820244
11088,141.2453078447525
11089,316.6347559705913
11090,93.68023982535475
11091,154.16405402565564
11092,-132.92025023591052
11093,-293.87357139530684
11094,485.30634558787557
11095,-271.22948150685437
11096,373.38314717843326
11097,-359.6695987563282
11098,-459.99230445069503
11099,209.05369852328207
11100,46.74008351487749
11101,-767.8965435991785
11102,-153.9694668257062
11103,-66.68289246156786
11104,-15.944035080887854
11105,16.075984345000265
11106,157.0389367015735
11107,585.6578635592915
11108,-259.6381059793919
11109,264.4864666930861
11110,171.55865069952685
11111,182.0657255450847
11112,-336.88337336089216
11113,-403.2385387031517
11114,114.57772510795512
11115,161.83644349638942
11116,-628.0447010001054
11117,242.01175305538834
11118,362.86303611765345
11119,60.71370640424431
11120,-359.31123121325913
11121,-379.081879505727
11122,237.8377849497892
11123,-293.4175091399242
11124,-397.451379202981
11125,159.58885605132534
11126,365.03747521359514
11127,-720.612846489736
11128,500.1648657714842
11129,-11.265810006163196
11130,-69.35501502523832
11131,250.8656215596787
11132,-169.30678540802458
11133,120.43720692692679
11134,-39.95315782539312
11135,-520.8790659997437
11136,-631.1061053453728
11137,-189.45128724586743
11138,73.57078736644385
11139,39.63813193628248
11140,-459.8374387751051
11141,4.029071723495761
11142,-197.448899656816
11143,62.38974256914715
11144,-186.44535236927192
11145,-133.6082201956016
11146,305.02297895286426
11147,-46.022467592148324
11148,-42.281475985006665
11149,-174.61342313978238
11150,-221.81742427816548
11151,-177.58255371476716
11152,-1.645779160211309
11153,92.19561472892809
11154,380.6366433481244
11155,5.176285533507726
11156,-43.26413786035982
11157,138.56909768313267
11158,-644.2373399718057
11159,-264.05264854098084
11160,388.07711133595325
11161,-314.57550396753174
11162,68.59577885369868
11163,313.9025059586703
11164,-174.13638000549966
11165,75.24506091716755
11166,-48.30049653479
11167,366.3281349305426
11168,-300.9531752245196
11169,52.29547497280716
11170,199.76450852884685
11171,-291.4521388811774
11172,-221.25525714195146
11173,-347.6337366501144
11174,-203.16973722566019
11175,-377.9229754446054
11176,-39.0599012387204
11177,-27.657708986922906
11178,-4.840069011083166
11179,387.6931701816699
11180,173.07521100861499
11181,932.2704016789718
11182,-79.75948934966628
11183,140.83197737225046
11184,39.684029858127026
11185,443.5242080443126
11186,342.35994872023844
11187,-137.8579525840629
11188,596.3305304911726
11189,207.646926423507
11190,-628.744469689726
11191,498.51770649884395
11192,-157.93924874004895
11193,351.10783976574226
11194,21.711333535599934
11195,-147.85882005549317
11196,204.57246274928102
11197,29.4746182494125
11198,121.4339296412447
11199,-565.6199353865663
11200,-229.6105869585282
11201,-46.80447710874089
11202,686.9993413504819
11203,-439.3760081383565
11204,-564.3067809262283
11205,-449.4452387206114
11206,-187.01337557795324
11207,63.71447075230724
11208,226.53217961128905
11209,-238.2619588660747
11210,8.031752667967964
11211,-360.68869418514646
11212,-123.99311613868561
11213,-388.8646194630039
11214,21.025862631446135
11215,-301.50187125630373
11216,215.87740831289727
11217,403.51021004979947
11218,435.6976033569271
11219,-107.1009208837224
11220,186.0469207837368
11221,347.56948473980617
11222,258.8139591153039
11223,-431.37566148179303
11224,-169.35938198102008
11225,106.38668004303985
11226,11.406343347779524
11227,362.5962040295641
11228,-602.2073540911487
11229,707.5559184457945
11230,202.17491878205456
11231,-50.337119767656986
11232,-170.32942345324963
11233,-33.311370903949886
11234,194.42983492011547
11235,-358.5893509674072
11236,-212.26535326917755
11237,-291.421103822263
11238,295.55761894971135
11239,-278.973387273084
11240,23.653653300110058
11241,-64.46361090683985
11242,-550.5130672413403
11243,541.3432697524759
11244,95.06333041130931
11245,14.598207374632768
11246,108.60883519127047
11247,-390.97470911424307
11248,358.6664196609008
11249,-656.7373713546328
11250,39.62170404065058
11251,-112.10781397641777
11252,-3.996618183603008
11253,-399.34877852946795
11254,-189.94215830266813
11255,25.705003254618124
11256,-514.3423090508958
11257,42.903388996473076
11258,-18.93265242156725
11259,-109.32309649965708
11260,-32.89909171394618
11261,-543.8120026538531
11262,402.37108703097016
11263,36.244315379427
11264,228.30407580009393
11265,346.3830222771381
11266,-401.22270699068457
11267,54.057197731364965
11268,6.862233348083906
11269,-3.8120805658924795
11270,-445.45149197388764
11271,162.087518743269
11272,176.36752501387082
11273,-516.971981928438
11274,189.99316009349025
11275,-164.45712796519288
11276,174.20994712832814
11277,-510.0297763148841
11278,174.78488510987083
11279,-352.74632432728305
11280,-145.46097708961693
11281,456.97186117066155
11282,-463.5148906726284
11283,-363.5842764043928
11284,-157.84808228490408
11285,-195.36060962026167
11286,152.04068775685687
11287,-197.0922676688174
11288,36.48096536872026
11289,993.224877978469
11290,-387.028793186815
11291,-6.616510882802955
11292,-272.0688608858405
11293,-138.59954551010992
11294,-105.03944861259971
11295,-21.529524404723798
11296,91.05719915022986
11297,-65.7911971494726
11298,164.4728771009366
11299,-17.997827027465366
11300,783.8866597139141
11301,-339.23112472431325
11302,-196.4845636178355
11303,357.21849540968196
11304,186.3106252115697
11305,138.0941036840312
11306,-11.632461477739145
11307,175.80916373420337
11308,-224.61734983236224
11309,68.85579641186743
11310,201.21113139003893
11311,257.871142877163
11312,-432.87055951729866
11313,-893.9998008184388
11314,671.8650784658583
11315,-143.37264919121782
11316,622.238658666282
11317,179.38442629047321
11318,553.7744088919053
11319,133.39922116403795
11320,-278.7634418316663
11321,-316.62804095298424
11322,503.4156628826672
11323,282.68713599665745
11324,-192.34979075415265
11325,-266.5062159351737
11326,28.442092691971457
11327,-502.810664488934
11328,-284.8971678177399
11329,334.32539610270425
11330,131.85559421631345
11331,-163.0690052750667
11332,207.69781044505442
11333,84.53775535541746
11334,26.259629066102914
11335,-255.92213730636703
11336,51.28290274248196
11337,-102.04962146231159
11338,160.43430410628633
11339,285.39335595630865
11340,-58.84096452168114
11341,103.10534910665807
11342,-294.3112930187342
11343,376.9074907782766
11344,69.80186693396921
11345,866.0001885226103
11346,-39.372896580539404
11347,64.61420289331775
11348,-169.65603416906654
11349,-545.187397632
11350,-61.7696368475373
11351,-497.32028453380724
11352,462.2911105292884
11353,-153.26914250955528
11354,-206.00694145910248
11355,-139.67967903899887
11356,-86.3160350000835
11357,589.4439429065601
11358,213.39162365467106
11359,160.84269205249797
11360,189.14311879095473
11361,-353.62333168120375
11362,-195.4614688813513
11363,-130.97048784757067
11364,-411.89784821070833
11365,339.5361109610372
11366,278.7080285787566
11367,262.53933089099786
11368,-182.31524737855878
11369,312.5925398843065
11370,292.5069660284925
11371,-191.39812913021464
11372,97.1989658904277
11373,-323.06245196934873
11374,-641.6335236830922
11375,34.404317785941174
11376,332.6146395449392
11377,374.3942908011448
11378,79.7405744369823
11379,-175.66454148011712
11380,161.8497799905454
11381,247.70962726907968
11382,90.73858219235974
11383,406.9195427827268
11384,-128.293384044915
11385,131.27330755535445
11386,729.3094416276251
11387,721.9516507762631
11388,-177.94000063372485
11389,709.5229020169676
11390,68.4418279462765
11391,-488.04810671370313
11392,152.74593914617682
11393,-239.25028478333422
11394,-147.28095714479596
11395,-45.208318575645414
11396,-222.12449344542705
11397,-332.61528388191783
11398,-119.36737582300407
11399,411.597615374166
11400,165.3828837539895
11401,488.27546568672045
11402,224.1448993009879
11403,57.12319327873938
11404,264.66502019787293
11405,-126.75098294470811
11406,-376.2060205940097
11407,48.79137391778443
11408,420.198064005142
11409,-415.5596397131095
11410,-45.0726787149897
11411,-169.48557453543214
11412,744.9633226613821
11413,-534.1845713199483
11414,-151.03112809100944
11415,577.9358654693671
11416,46.72638739060856
11417,311.55408180562216
11418,357.3063765881054
11419,265.41273843984044
11420,-253.59736902535153
11421,-473.8813440500308
11422,12.688444605877928
11423,-132.56426690048775
11424,72.47381920347595
11425,217.43580522922284
11426,-335.7785201122077
11427,-262.2046244768534
11428,95.51698320910229
11429,-209.18192024535986
11430,456.6356734923428
11431,308.43056019746643
11432,-28.853731125681566
11433,-358.5178471510813
11434,128.31172677442584
11435,145.62472438146008
11436,95.66700803418536
11437,268.28354091308165
11438,-466.924416246464
11439,-314.32094969127104
11440,344.74066488627767
11441,220.7075581367116
11442,-578.4755239012414
11443,174.80907811479432
11444,399.9414839607332
11445,732.6720966332518
11446,667.3027303329163
11447,-63.09651298272068
11448,245.90652202892213
11449,21.73019301948859
11450,-248.65264042472646
11451,-197.04075505174004
11452,-282.04647226508365
11453,-81.15238925755415
11454,52.36536160378636
11455,-2.2571267781352553
11456,-758.8756116063777
11457,213.4914591224907
11458,-169.27147826397666
11459,184.7202886520128
11460,256.56430497475253
11461,-63.24889777651931
11462,-272.7178718373248
11463,135.79446347148897
11464,455.7807433953056
11465,-129.35637652171914
11466,62.873370392219925
11467,-386.8529378948047
11468,267.2276588361106
11469,287.2411869226277
11470,-52.099728652584695
11471,76.40695664839204
11472,-138.16215089738097
11473,203.55614864230537
11474,15.488711020265939
11475,-5.968082516968628
11476,-31.64414259096878
11477,221.5663023069265
11478,-687.0023182063168
11479,483.7842231435404
11480,958.0223790880732
11481,191.596060929311
11482,-58.589705574535216
11483,259.46230620404316
11484,-6.316757561911458
11485,-270.28846900008864
11486,-772.4642296251159
11487,-146.4633192619984
11488,-37.78146099301635
11489,331.5519575822492
11490,570.4745741117817
11491,-182.5998962757521
11492,-356.0940866069376
11493,84.14295121036405
11494,-115.72664179916501
11495,431.89838199541015
11496,-39.02760836085481
11497,28.163383062948494
11498,-54.06385343329264
11499,-259.96553784016334
11500,157.69687820480726
11501,-451.57353618095266
11502,482.55650486877613
11503,242.55694520909967
11504,-588.1137438098019
11505,81.01709689599346
11506,325.40673944403034
11507,-22.052235150655843
11508,-296.27850419733073
11509,299.0519135861387
11510,468.2699312239479
11511,-99.60746951487867
11512,5.278085447167144
11513,-101.94715017070837
11514,172.81543496339026
11515,-676.7207529529059
11516,-85.3345851981882
11517,117.54369571648192
11518,-83.62878738830597
11519,179.75562770163424
11520,-83.35296347452771
11521,-21.419178952216996
11522,292.12474624327666
11523,-100.1639608776524
11524,-295.4450782425556
11525,-196.19961546096346
11526,-90.4034979856608
11527,-58.11412409491393
11528,-400.37934469764457
11529,236.32717532971415
11530,-312.00489053945
11531,448.8990473727652
11532,202.73550507695253
11533,94.9287545628961
11534,60.2473079175103
11535,-149.43663249088343
11536,406.7833814658026
11537,600.8120265364313
11538,-23.26355946076308
11539,-565.3127069056482
11540,156.4406917256115
11541,648.6215466239536
11542,405.71979646874263
11543,261.80583136930017
11544,22.356083935014624
11545,238.4124747322883
11546,164.56802375270132
11547,-83.34674114858238
11548,209.7749198244939
11549,-198.9743774153075
11550,-78.73473210337515
11551,27.732488101924705
11552,450.31679507490946
11553,-78.3152055800516
11554,-267.63890633380265
11555,348.3318744546586
11556,-404.4550391740678
11557,330.0959394936932
11558,-532.970558743596
11559,530.1667228330989
11560,-741.0568046410541
11561,478.64952344734036
11562,164.63187921356115
11563,-449.7107531471185
11564,-412.1148110783385
11565,219.12773907510584
11566,-378.6893095030043
11567,368.7333880545344
11568,37.33842695846823
11569,396.4934950040528
11570,-29.329794718535883
11571,35.475251839090866
11572,-267.2910755568146
11573,-417.34657979130975
11574,-250.30106527663762
11575,-228.95720009218712
11576,692.2513473375058
11577,-411.15737206575255
11578,482.3211788825
11579,109.40386922308699
11580,547.6205815138995
11581,179.88426508469212
11582,-521.5793101895118
11583,-0.5366722202065196
11584,-1.3108832742802539
11585,-248.05083145629627
11586,-243.06806182013105
11587,199.5673007517024
11588,381.32404325693363
11589,-393.16880388739736
11590,138.23245276134853
11591,34.24105569798806
11592,-4.629154614118287
11593,-151.86193128195848
11594,335.5463722270902
11595,-93.14529808270582
11596,507.75321866389487
11597,-355.46562053382297
11598,143.08978438160892
11599,137.94688403627003
11600,-151.04600604389765
11601,-19.601773692468655
11602,105.84882713406216
11603,-172.78518998126657
11604,482.12726370999854
11605,-267.5391741332548
11606,39.905555786129774
11607,-52.855796531075214
11608,-21.22244673121011
11609,155.37989346108458
11610,-96.06927783501656
11611,-163.1753040969973
11612,-180.36573977355187
11613,-264.67843452360046
11614,171.42795164643718
11615,-11.457713362941538
11616,239.99734190689685
11617,-39.8499538384163
11618,-211.74160655795657
11619,-354.1693561735648
11620,72.47946295208918
11621,306.82020444019366
11622,10.71023847916245
11623,-367.95164299727315
11624,280.9986782848996
11625,607.1342789952012
11626,226.0786669570706
11627,565.929638014685
11628,-147.7674721698987
11629,-314.0375602749043
11630,-180.0455352520879
11631,51.27097737987202
11632,-118.81984221413447
11633,-258.26062194274766
11634,-229.83713020204323
11635,200.364758623152
11636,-348.0714175640099
11637,-584.8608659725448
11638,-4.929876831026351
11639,-163.4422148166983
11640,87.02751929856984
11641,41.56663504345333
11642,-494.8904637770151
11643,-60.887711202974934
11644,-173.5513697197506
11645,181.26452118021194
11646,-51.325709086770495
11647,43.9509973051815
11648,-517.9818134858789
11649,-355.552666903285
11650,272.4021668773411
11651,490.6303834469731
11652,-37.23470686782182
11653,100.19178117716008
11654,32.26474311666961
11655,342.3839958945965
11656,-274.3839964056682
11657,-461.59948018183695
11658,399.1178188156316
11659,59.94166241926624
11660,-119.02693796298173
11661,-281.70905159749094
11662,-127.6286844483194
11663,-556.5819101778251
11664,-79.37923441222063
11665,-84.28398755174965
11666,-212.85815433361944
11667,72.29858467981352
11668,-416.4589989203816
11669,-151.39277066781864
11670,-112.94325746656861
11671,-386.99760536798334
11672,553.3497133654173
11673,-80.93783458087178
11674,265.6051645120165
11675,498.0645050415458
11676,447.8834076769246
11677,-162.95338863408998
11678,121.2035152065202
11679,106.0234284584311
11680,340.50635541497326
11681,4.314416762781157
11682,-92.6478366916538
11683,-354.1295771288345
11684,214.0074765324254
11685,-345.6914287422611
11686,-271.80220862911625
11687,426.3090773781535
11688,-37.75750717052077
11689,-180.46345723783423
11690,-97.58231078807177
11691,347.8223132335263
11692,-237.0130908039777
11693,118.12311870118666
11694,681.4766679385008
11695,275.66334489092833
11696,185.16481639957289
11697,-13.159363367316343
11698,274.0722474871898
11699,178.76102965588328
11700,-178.98039516140645
11701,391.84251758648327
11702,-308.94994109698024
11703,-324.8362159483902
11704,262.0871357430682
11705,398.52106409403984
11706,-368.254880432961
11707,-181.18251143785093
11708,-166.41347208747476
11709,68.98755258725356
11710,-249.4901287843148
11711,443.6033748432898
11712,13.650459883850246
11713,-212.53037852371793
11714,-27.915418712236182
11715,-240.7998218457105
11716,-142.88309144793664
11717,-285.8343043909048
11718,460.63166868009347
11719,-225.10788029950658
11720,97.82651932862039
11721,350.5872568742838
11722,378.82385166848786
11723,-3.8848455252734198
11724,-260.9482885668384
11725,-64.56158617381818
11726,-270.60328416669256
11727,-569.4207476943714
11728,142.4683839948798
11729,228.15231792746715
11730,170.90589405270774
11731,-88.73300598116909
11732,179.5851459685291
11733,176.78682556049395
11734,-56.27057434823814
11735,-185.8725872968259
11736,100.44658731097047
11737,-63.66217954558535
11738,623.2061139971223
11739,-122.16898105378027
11740,-216.57264126812532
11741,-130.98097450073718
11742,-293.82665858937577
11743,167.92384362729874
11744,9.259507593413836
11745,-587.4956962603289
11746,304.72480941847687
11747,251.46359511685205
11748,-304.06096774524224
11749,108.0433695754602
11750,-218.6718997979024
11751,-105.13018388543591
11752,121.35633108715751
11753,-302.9640413485007
11754,529.661639928588
11755,-224.55011115095346
11756,688.8598020995775
11757,121.62140840748198
11758,495.8633096373991
11759,-104.8970080032135
11760,-39.40369282771169
11761,-218.4339384089337
11762,-242.0754292376034
11763,328.46917366165115
11764,-121.57062322437432
11765,-351.96132723645667
11766,235.8965433600895
11767,211.8433161338361
11768,581.9859083831244
11769,-187.8168517671763
11770,-88.20353056281337
11771,-121.26318282161397
11772,-682.3449315356836
11773,-61.455993571582184
11774,69.00904133898302
11775,132.89487284698953
11776,41.64682074346355
11777,-513.1698248834676
11778,216.7434409233466
11779,-533.8087878872965
11780,-467.1030650315724
11781,39.693989655146204
11782,178.84483759017863
11783,-255.9126843608315
11784,468.69097201293675
11785,-959.1458675174445
11786,201.86251191588642
11787,-282.5687070757385
11788,-392.4349515666041
11789,-219.68775779803534
11790,169.59302266781248
11791,-21.895665769337324
11792,-242.27992228725662
11793,35.588860751346886
11794,336.4403335300432
11795,-63.331520330006775
11796,-4.446048273786847
11797,-312.31536571456
11798,14.581415571942793
11799,-258.2235127345509
11800,725.8387913302838
11801,-303.8280646204015
11802,-726.1845220640307
11803,93.42268369441325
11804,92.79798258372051
11805,342.41232925067294
11806,856.1825394344158
11807,-54.883147062181656
11808,-213.13720641425525
11809,-365.0835488849473
11810,-733.481962003494
11811,-206.05838193577964
11812,-418.2722352600777
11813,358.8044694709529
11814,-260.62234532466977
11815,546.2345722587845
11816,187.44948665602956
11817,-22.033982900795518
11818,88.73051702341431
11819,-243.13847978487792
11820,-41.379666278955966
11821,-543.6240241200907
11822,840.8060354669691
11823,402.8242218186641
11824,79.42070559550056
11825,473.38979426396435
11826,-57.64549004681693
11827,210.11286727244217
11828,-185.75745290109978
11829,22.76913800358631
11830,940.7468340773515
11831,-442.7066678021562
11832,-475.2447822521917
11833,-339.99428398162115
11834,541.6463647301911
11835,333.49907956467376
11836,-765.4962533792752
11837,91.19318918087326
11838,164.45073228966277
11839,274.6128331227381
11840,263.1882538980382
11841,303.62233467676464
11842,-92.18952553795576
11843,208.97371337568288
11844,-170.0341905096141
11845,41.558196358047766
11846,-670.8313651099272
11847,452.65937770406816
11848,741.8102612544457
11849,420.5524115040742
11850,400.3530024481779
11851,-181.64239575564187
11852,162.04635840200524
11853,2.7480936093333925
11854,534.6906446334303
11855,145.0593687435122
11856,245.6397735237517
11857,192.70633663604943
11858,486.5739863716467
11859,525.2699999852704
11860,172.00159142779165
11861,342.56191471401803
11862,-338.4488098951229
11863,99.97133504380336
11864,-176.90171781690316
11865,316.426010203933
11866,-637.4632411206285
11867,74.53335736390186
11868,-319.6093541834508
11869,-234.07357196963454
11870,238.83176324556197
11871,684.2995158543802
11872,-273.3939469063439
11873,229.49387382849605
11874,-191.4280518183517
11875,591.7365509012379
11876,-357.71707695786625
11877,279.34920279935386
11878,16.385346982374525
11879,1015.2321071191617
11880,-44.24764867011685
11881,-259.1203848495987
11882,6.686312571180248
11883,113.41765950025429
11884,164.36906042910667
11885,-219.79091064314642
11886,-50.91215016522601
11887,234.6937848292135
11888,-225.74604715601254
11889,-124.5680611202293
11890,89.33080634586325
11891,-24.039822321153366
11892,949.8138509171473
11893,21.685293242947665
11894,-333.0669156217106
11895,51.63526677112723
11896,-328.7470589180696
11897,-622.2335618237695
11898,-406.82572326736727
11899,-126.38083816157051
11900,-298.35683404440886
11901,-494.63240273285
11902,579.0223407583983
11903,170.42489512238322
11904,160.4512727890144
11905,-127.53245750920829
11906,116.51260749164098
11907,137.24483689523237
11908,-1.2351263056272561
11909,613.2508183966269
11910,435.2344808605944
11911,160.38696710023325
11912,-185.4738897703498
11913,188.6406559940116
11914,-610.5603513173606
11915,23.71465718639982
11916,-97.90469140459595
11917,-120.61345408597217
11918,353.07871733578776
11919,-18.44288750529563
11920,-120.28546893417466
11921,15.392910103857895
11922,185.80696804774428
11923,845.6527630055804
11924,349.4593287705587
11925,45.8926372369666
11926,-7.2379287510021095
11927,-164.71617083396032
11928,107.29963692985926
11929,-99.60009978114886
11930,48.616369269303206
11931,41.199706043706485
11932,661.6732170958664
11933,305.9589879497768
11934,500.4110755868318
11935,-231.16099217574458
11936,334.17773249931855
11937,-326.40234266325655
11938,-574.1806195838041
11939,148.54087270945115
11940,613.9878825912874
11941,184.5203674198834
11942,-216.1004672587552
11943,-616.0735283229873
11944,127.4698406742707
11945,-96.88155439275046
11946,-167.71203784394382
11947,-349.946994886193
11948,6.614867126927189
11949,543.2797064068856
11950,-362.7810314683375
11951,-330.0574194946648
11952,347.0145487363172
11953,526.4307732934468
11954,-69.34252030457043
11955,368.08942932477515
11956,381.72371964173885
11957,345.85284032808335
11958,-204.68981318862086
11959,157.8972183189641
11960,-967.3833642179104
11961,527.9548197579916
11962,-338.84960578595485
11963,609.1811386017555
11964,381.11662058979834
11965,-18.351583240230973
11966,-92.24291830783028
11967,-166.08686551614528
11968,-173.93959945806247
11969,-221.13734204317686
11970,-228.37612245128605
11971,198.0616068094598
11972,-713.0064769343034
11973,-89.68186474183405
11974,-480.00457016777966
11975,-271.7333959227005
11976,565.3236399366717
11977,96.11148263232924
11978,178.6133585696131
11979,-61.174332454705066
11980,-368.6916872400583
11981,4.847746578178009
11982,414.4138213444018
11983,-760.3183167930523
11984,84.91271532686075
11985,-251.84732552029098
11986,280.7075845895199
11987,-391.2502782510761
11988,608.4991171703745
11989,-27.808460607212446
11990,-123.41411926925637
11991,-130.82924419408374
11992,18.553068892603306
11993,-433.165375877214
11994,-303.7091261164654
11995,464.71525498507935
11996,496.48533446727845
11997,-35.13540941579575
11998,-131.67918453438782
11999,417.2691546213343
